#SampleID	fullname	shortname	barcode-f	barcode-r	cruise	diveid	site	subsite	latitude	longitude	depth	habitat	coreslice	temperature	salinity	oxygen	pre_qc_seqdepth	seqdepth
lane1-s001-index-CGAGAGTT-TAGCGAGT-1	NA121-064-01	064-01	CGAGAGTT	TAGCGAGT	NA121	H1819	Grays_Canyon	Grays_deep_J	46.782766	-125.2623365	1061.749698	microbial_mat	1	3.552110113	34.44828477	3.510282401	559	
lane1-s002-index-ACGCTACT-TAGCGAGT-2	NA121-064-12	064-12	ACGCTACT	TAGCGAGT	NA121	H1819	Grays_Canyon	Grays_deep_J	46.782766	-125.2623365	1061.749698	microbial_mat	2	3.552110113	34.44828477	3.510282401	22882	
lane1-s003-index-ACTCACTG-TAGCGAGT-3	NA121-064-23	064-23	ACTCACTG	TAGCGAGT	NA121	H1819	Grays_Canyon	Grays_deep_J	46.782766	-125.2623365	1061.749698	microbial_mat	3	3.552110113	34.44828477	3.510282401	19612	
lane1-s004-index-TGAGTACG-TAGCGAGT-4	NA121-064-34	064-34	TGAGTACG	TAGCGAGT	NA121	H1819	Grays_Canyon	Grays_deep_J	46.782766	-125.2623365	1061.749698	microbial_mat	4	3.552110113	34.44828477	3.510282401	21782	
lane1-s005-index-CTGCGTAG-TAGCGAGT-5	NA121-064-45	064-45	CTGCGTAG	TAGCGAGT	NA121	H1819	Grays_Canyon	Grays_deep_J	46.782766	-125.2623365	1061.749698	microbial_mat	5	3.552110113	34.44828477	3.510282401	19240	
lane1-s006-index-TAGTCTCC-TAGCGAGT-6	NA121-064-56	064-56	TAGTCTCC	TAGCGAGT	NA121	H1819	Grays_Canyon	Grays_deep_J	46.782766	-125.2623365	1061.749698	microbial_mat	6	3.552110113	34.44828477	3.510282401	18185	
lane1-s007-index-CGAGCGAC-TAGCGAGT-7	NA121-064-67	064-67	CGAGCGAC	TAGCGAGT	NA121	H1819	Grays_Canyon	Grays_deep_J	46.782766	-125.2623365	1061.749698	microbial_mat	7	3.552110113	34.44828477	3.510282401	18810	
lane1-s008-index-ACTACGAC-TAGCGAGT-8	NA121-064-78	064-78	ACTACGAC	TAGCGAGT	NA121	H1819	Grays_Canyon	Grays_deep_J	46.782766	-125.2623365	1061.749698	microbial_mat	8	3.552110113	34.44828477	3.510282401	19024	
lane1-s009-index-GTCTGCTA-TAGCGAGT-9	NA121-064-89	064-89	GTCTGCTA	TAGCGAGT	NA121	H1819	Grays_Canyon	Grays_deep_J	46.782766	-125.2623365	1061.749698	microbial_mat	9	3.552110113	34.44828477	3.510282401	21277	
lane1-s010-index-CGAGAGTT-CTGCGTGT-10	NA121-064-910	064-910	CGAGAGTT	CTGCGTGT	NA121	H1819	Grays_Canyon	Grays_deep_J	46.782766	-125.2623365	1061.749698	microbial_mat	10	3.552110113	34.44828477	3.510282401	633	
lane1-s011-index-GACATAGT-CTGCGTGT-11	NA121-087-01	087-01	GACATAGT	CTGCGTGT	NA121	H1819	Grays_Canyon	Grays_deep_J	46.7830175	-125.2624105	1062.549596	tubeworms	1	3.463885154	34.41074535	3.347579032	19519	
lane1-s012-index-ACGCTACT-CTGCGTGT-12	NA121-087-12	087-12	ACGCTACT	CTGCGTGT	NA121	H1819	Grays_Canyon	Grays_deep_J	46.7830175	-125.2624105	1062.549596	tubeworms	2	3.463885154	34.41074535	3.347579032	526	
lane1-s013-index-ACTCACTG-CTGCGTGT-13	NA121-087-23	087-23	ACTCACTG	CTGCGTGT	NA121	H1819	Grays_Canyon	Grays_deep_J	46.7830175	-125.2624105	1062.549596	tubeworms	3	3.463885154	34.41074535	3.347579032	26652	
lane1-s014-index-TGAGTACG-CTGCGTGT-14	NA121-087-34	087-34	TGAGTACG	CTGCGTGT	NA121	H1819	Grays_Canyon	Grays_deep_J	46.7830175	-125.2624105	1062.549596	tubeworms	4	3.463885154	34.41074535	3.347579032	20219	
lane1-s015-index-CTGCGTAG-CTGCGTGT-15	NA121-087-45	087-45	CTGCGTAG	CTGCGTGT	NA121	H1819	Grays_Canyon	Grays_deep_J	46.7830175	-125.2624105	1062.549596	tubeworms	5	3.463885154	34.41074535	3.347579032	15789	
lane1-s016-index-TAGTCTCC-CTGCGTGT-16	NA121-087-56	087-56	TAGTCTCC	CTGCGTGT	NA121	H1819	Grays_Canyon	Grays_deep_J	46.7830175	-125.2624105	1062.549596	tubeworms	6	3.463885154	34.41074535	3.347579032	26662	
lane1-s017-index-CGAGCGAC-CTGCGTGT-17	NA121-087-67	087-67	CGAGCGAC	CTGCGTGT	NA121	H1819	Grays_Canyon	Grays_deep_J	46.7830175	-125.2624105	1062.549596	tubeworms	7	3.463885154	34.41074535	3.347579032	21239	
lane1-s018-index-ACTACGAC-CTGCGTGT-18	NA121-087-78	087-78	ACTACGAC	CTGCGTGT	NA121	H1819	Grays_Canyon	Grays_deep_J	46.7830175	-125.2624105	1062.549596	tubeworms	8	3.463885154	34.41074535	3.347579032	18832	
lane1-s019-index-GTCTGCTA-CTGCGTGT-19	NA121-087-89	087-89	GTCTGCTA	CTGCGTGT	NA121	H1819	Grays_Canyon	Grays_deep_J	46.7830175	-125.2624105	1062.549596	tubeworms	9	3.463885154	34.41074535	3.347579032	21187	
lane1-s020-index-CGAGAGTT-TCATCGAG-20	NA121-087-910	087-910	CGAGAGTT	TCATCGAG	NA121	H1819	Grays_Canyon	Grays_deep_J	46.7830175	-125.2624105	1062.549596	tubeworms	10	3.463885154	34.41074535	3.347579032	14687	
lane1-s021-index-GACATAGT-TCATCGAG-21	NA121-119-01	119-01	GACATAGT	TCATCGAG	NA121	H1821	Bens_Deep_Seep	Bens_deep_seep	47.05660241	-125.0284561	1015.013928	clam_bed	1	3.513858214	34.37306679	3.850094869	15273	
lane1-s022-index-ACGCTACT-TCATCGAG-22	NA121-119-12	119-12	ACGCTACT	TCATCGAG	NA121	H1821	Bens_Deep_Seep	Bens_deep_seep	47.05660241	-125.0284561	1015.013928	clam_bed	2	3.513858214	34.37306679	3.850094869	35634	
lane1-s023-index-ACTCACTG-TCATCGAG-23	NA121-119-23	119-23	ACTCACTG	TCATCGAG	NA121	H1821	Bens_Deep_Seep	Bens_deep_seep	47.05660241	-125.0284561	1015.013928	clam_bed	3	3.513858214	34.37306679	3.850094869	10899	
lane1-s024-index-CTGCGTAG-TCATCGAG-24	NA121-119-34	119-34	CTGCGTAG	TCATCGAG	NA121	H1821	Bens_Deep_Seep	Bens_deep_seep	47.05660241	-125.0284561	1015.013928	clam_bed	4	3.513858214	34.37306679	3.850094869	12741	
lane1-s025-index-TAGTCTCC-TCATCGAG-25	NA121-119-45	119-45	TAGTCTCC	TCATCGAG	NA121	H1821	Bens_Deep_Seep	Bens_deep_seep	47.05660241	-125.0284561	1015.013928	clam_bed	5	3.513858214	34.37306679	3.850094869	39626	
lane1-s026-index-ACTACGAC-TCATCGAG-26	NA121-119-56	119-56	ACTACGAC	TCATCGAG	NA121	H1821	Bens_Deep_Seep	Bens_deep_seep	47.05660241	-125.0284561	1015.013928	clam_bed	6	3.513858214	34.37306679	3.850094869	20105	
lane1-s027-index-CGAGAGTT-CGTGAGTG-27	NA121-119-67	119-67	CGAGAGTT	CGTGAGTG	NA121	H1821	Bens_Deep_Seep	Bens_deep_seep	47.05660241	-125.0284561	1015.013928	clam_bed	7	3.513858214	34.37306679	3.850094869	14226	
lane1-s028-index-GACATAGT-CGTGAGTG-28	NA121-119-78	119-78	GACATAGT	CGTGAGTG	NA121	H1821	Bens_Deep_Seep	Bens_deep_seep	47.05660241	-125.0284561	1015.013928	clam_bed	8	3.513858214	34.37306679	3.850094869	25990	
lane1-s029-index-ACTCACTG-CGTGAGTG-29	NA121-119-89	119-89	ACTCACTG	CGTGAGTG	NA121	H1821	Bens_Deep_Seep	Bens_deep_seep	47.05660241	-125.0284561	1015.013928	clam_bed	9	3.513858214	34.37306679	3.850094869	16718	
lane1-s030-index-TGAGTACG-CGTGAGTG-30	NA121-119-910	119-910	TGAGTACG	CGTGAGTG	NA121	H1821	Bens_Deep_Seep	Bens_deep_seep	47.05660241	-125.0284561	1015.013928	clam_bed	10	3.513858214	34.37306679	3.850094869	24162	
lane1-s031-index-CTGCGTAG-CGTGAGTG-31	NA121-123-01	123-01	CTGCGTAG	CGTGAGTG	NA121	H1821	Bens_Deep_Seep	Bens_deep_seep	47.05660411	-125.028453	1015.024982	microbial_mat	1	3.442136629	34.4010111	3.836216115	9591	
lane1-s032-index-TAGTCTCC-CGTGAGTG-32	NA121-123-12	123-12	TAGTCTCC	CGTGAGTG	NA121	H1821	Bens_Deep_Seep	Bens_deep_seep	47.05660411	-125.028453	1015.024982	microbial_mat	2	3.442136629	34.4010111	3.836216115	10631	
lane1-s033-index-ACTACGAC-CGTGAGTG-33	NA121-123-23	123-23	ACTACGAC	CGTGAGTG	NA121	H1821	Bens_Deep_Seep	Bens_deep_seep	47.05660411	-125.028453	1015.024982	microbial_mat	3	3.442136629	34.4010111	3.836216115	6852	
lane1-s034-index-CGAGAGTT-GGATATCT-34	NA121-123-34	123-34	CGAGAGTT	GGATATCT	NA121	H1821	Bens_Deep_Seep	Bens_deep_seep	47.05660411	-125.028453	1015.024982	microbial_mat	4	3.442136629	34.4010111	3.836216115	10249	
lane1-s035-index-GACATAGT-GGATATCT-35	NA121-123-45	123-45	GACATAGT	GGATATCT	NA121	H1821	Bens_Deep_Seep	Bens_deep_seep	47.05660411	-125.028453	1015.024982	microbial_mat	5	3.442136629	34.4010111	3.836216115	15866	
lane1-s036-index-ACTCACTG-GGATATCT-36	NA121-123-56	123-56	ACTCACTG	GGATATCT	NA121	H1821	Bens_Deep_Seep	Bens_deep_seep	47.05660411	-125.028453	1015.024982	microbial_mat	6	3.442136629	34.4010111	3.836216115	29574	
lane1-s037-index-TGAGTACG-GGATATCT-37	NA121-123-67	123-67	TGAGTACG	GGATATCT	NA121	H1821	Bens_Deep_Seep	Bens_deep_seep	47.05660411	-125.028453	1015.024982	microbial_mat	7	3.442136629	34.4010111	3.836216115	11043	
lane1-s038-index-TAGTCTCC-GGATATCT-38	NA121-123-78	123-78	TAGTCTCC	GGATATCT	NA121	H1821	Bens_Deep_Seep	Bens_deep_seep	47.05660411	-125.028453	1015.024982	microbial_mat	8	3.442136629	34.4010111	3.836216115	10812	
lane1-s039-index-CGAGCGAC-GGATATCT-39	NA121-123-89	123-89	CGAGCGAC	GGATATCT	NA121	H1821	Bens_Deep_Seep	Bens_deep_seep	47.05660411	-125.028453	1015.024982	microbial_mat	9	3.442136629	34.4010111	3.836216115	14667	
lane1-s040-index-ACTACGAC-GGATATCT-40	NA121-123-910	123-910	ACTACGAC	GGATATCT	NA121	H1821	Bens_Deep_Seep	Bens_deep_seep	47.05660411	-125.028453	1015.024982	microbial_mat	10	3.442136629	34.4010111	3.836216115	11345	
lane1-s041-index-GTCTGCTA-TCATCGAG-41	OOI-D-01	OOI-D-01	GTCTGCTA	TCATCGAG	OOI_2020	NA	OOI_Regional_Array	Oregon_Slope_Base	44.51524	-125.38981	2903	sediment	1				31521	
lane1-s042-index-GTCTGCTA-CGTGAGTG-42	OOI-D-12	OOI-D-12	GTCTGCTA	CGTGAGTG	OOI_2020	NA	OOI_Regional_Array	Oregon_Slope_Base	44.51524	-125.38981	2903	sediment	2				26423	
lane1-s043-index-GTCTGCTA-GGATATCT-43	OOI-D-23	OOI-D-23	GTCTGCTA	GGATATCT	OOI_2020	NA	OOI_Regional_Array	Oregon_Slope_Base	44.51524	-125.38981	2903	sediment	3				25362	
lane1-s044-index-GTCTATGA-TAGCGAGT-44	OOI-D-34	OOI-D-34	GTCTATGA	TAGCGAGT	OOI_2020	NA	OOI_Regional_Array	Oregon_Slope_Base	44.51524	-125.38981	2903	sediment	4				24215	
lane1-s045-index-GTCTATGA-CTGCGTGT-45	OOI-D-45	OOI-D-45	GTCTATGA	CTGCGTGT	OOI_2020	NA	OOI_Regional_Array	Oregon_Slope_Base	44.51524	-125.38981	2903	sediment	5				24714	
lane1-s046-index-GTCTATGA-TCATCGAG-46	OOI-D-56	OOI-D-56	GTCTATGA	TCATCGAG	OOI_2020	NA	OOI_Regional_Array	Oregon_Slope_Base	44.51524	-125.38981	2903	sediment	6				27049	
lane1-s047-index-GTCTATGA-CGTGAGTG-47	OOI-D-67	OOI-D-67	GTCTATGA	CGTGAGTG	OOI_2020	NA	OOI_Regional_Array	Oregon_Slope_Base	44.51524	-125.38981	2903	sediment	7				21204	
lane1-s048-index-GTCTATGA-GGATATCT-48	OOI-D-78	OOI-D-78	GTCTATGA	GGATATCT	OOI_2020	NA	OOI_Regional_Array	Oregon_Slope_Base	44.51524	-125.38981	2903	sediment	8				23823	
lane1-s049-index-TATAGCGA-TAGCGAGT-49	OOI-D-89	OOI-D-89	TATAGCGA	TAGCGAGT	OOI_2020	NA	OOI_Regional_Array	Oregon_Slope_Base	44.51524	-125.38981	2903	sediment	9				26792	
lane1-s050-index-TATAGCGA-CTGCGTGT-50	OOI-D-910	OOI-D-910	TATAGCGA	CTGCGTGT	OOI_2020	NA	OOI_Regional_Array	Oregon_Slope_Base	44.51524	-125.38981	2903	sediment	10				24801	
lane1-s051-index-TATAGCGA-TCATCGAG-51	OOI-D-1011	OOI-D-1011	TATAGCGA	TCATCGAG	OOI_2020	NA	OOI_Regional_Array	Oregon_Slope_Base	44.51524	-125.38981	2903	sediment	11				20131	
lane1-s052-index-TATAGCGA-CGTGAGTG-52	OOI-D-1112	OOI-D-1112	TATAGCGA	CGTGAGTG	OOI_2020	NA	OOI_Regional_Array	Oregon_Slope_Base	44.51524	-125.38981	2903	sediment	12				20450	
lane1-s053-index-TATAGCGA-GGATATCT-53	OOI-D-1213	OOI-D-1213	TATAGCGA	GGATATCT	OOI_2020	NA	OOI_Regional_Array	Oregon_Slope_Base	44.51524	-125.38981	2903	sediment	13				25696	
lane1-s054-index-TCCTCATG-TAGCGAGT-54	OOI-D-1314	OOI-D-1314	TCCTCATG	TAGCGAGT	OOI_2020	NA	OOI_Regional_Array	Oregon_Slope_Base	44.51524	-125.38981	2903	sediment	14				9193	
lane1-s055-index-TCCTCATG-CTGCGTGT-55	OOI-D-1415	OOI-D-1415	TCCTCATG	CTGCGTGT	OOI_2020	NA	OOI_Regional_Array	Oregon_Slope_Base	44.51524	-125.38981	2903	sediment	15				8312	
lane1-s056-index-TCCTCATG-TCATCGAG-56	OOI-D-1516	OOI-D-1516	TCCTCATG	TCATCGAG	OOI_2020	NA	OOI_Regional_Array	Oregon_Slope_Base	44.51524	-125.38981	2903	sediment	16				9842	
lane1-s057-index-TCCTCATG-CGTGAGTG-57	OOI-D-1617	OOI-D-1617	TCCTCATG	CGTGAGTG	OOI_2020	NA	OOI_Regional_Array	Oregon_Slope_Base	44.51524	-125.38981	2903	sediment	17				6314	
lane1-s058-index-TCCTCATG-GGATATCT-58	OOI-D-1718	OOI-D-1718	TCCTCATG	GGATATCT	OOI_2020	NA	OOI_Regional_Array	Oregon_Slope_Base	44.51524	-125.38981	2903	sediment	18				8075	
lane1-s059-index-CGAGCTAG-TAGCGAGT-59	OOI-D-1819	OOI-D-1819	CGAGCTAG	TAGCGAGT	OOI_2020	NA	OOI_Regional_Array	Oregon_Slope_Base	44.51524	-125.38981	2903	sediment	19				4546	
lane1-s060-index-CGAGCTAG-CTGCGTGT-60	OOI-E-01	OOI-E-01	CGAGCTAG	CTGCGTGT	OOI_2020	NA	OOI_Regional_Array	Oregon_Slope_Base	44.51524	-125.38981	2903	sediment	1				8924	
lane1-s061-index-CGAGCTAG-TCATCGAG-61	OOI-E-12	OOI-E-12	CGAGCTAG	TCATCGAG	OOI_2020	NA	OOI_Regional_Array	Oregon_Slope_Base	44.51524	-125.38981	2903	sediment	2				14665	
lane1-s062-index-CGAGCTAG-CGTGAGTG-62	OOI-E-23	OOI-E-23	CGAGCTAG	CGTGAGTG	OOI_2020	NA	OOI_Regional_Array	Oregon_Slope_Base	44.51524	-125.38981	2903	sediment	3				5376	
lane1-s063-index-CGAGCTAG-GGATATCT-63	OOI-E-34	OOI-E-34	CGAGCTAG	GGATATCT	OOI_2020	NA	OOI_Regional_Array	Oregon_Slope_Base	44.51524	-125.38981	2903	sediment	4				1293	
lane1-s064-index-CTCTAGAG-TAGCGAGT-64	OOI-E-45	OOI-E-45	CTCTAGAG	TAGCGAGT	OOI_2020	NA	OOI_Regional_Array	Oregon_Slope_Base	44.51524	-125.38981	2903	sediment	5				50	
lane1-s065-index-CTCTAGAG-CTGCGTGT-65	OOI-E-56	OOI-E-56	CTCTAGAG	CTGCGTGT	OOI_2020	NA	OOI_Regional_Array	Oregon_Slope_Base	44.51524	-125.38981	2903	sediment	6				326	
lane1-s066-index-CTCTAGAG-TCATCGAG-66	OOI-E-67	OOI-E-67	CTCTAGAG	TCATCGAG	OOI_2020	NA	OOI_Regional_Array	Oregon_Slope_Base	44.51524	-125.38981	2903	sediment	7				16	
lane1-s067-index-CTCTAGAG-CGTGAGTG-67	OOI-E-78	OOI-E-78	CTCTAGAG	CGTGAGTG	OOI_2020	NA	OOI_Regional_Array	Oregon_Slope_Base	44.51524	-125.38981	2903	sediment	8				90	
lane1-s068-index-CTCTAGAG-GGATATCT-68	OOI-E-89	OOI-E-89	CTCTAGAG	GGATATCT	OOI_2020	NA	OOI_Regional_Array	Oregon_Slope_Base	44.51524	-125.38981	2903	sediment	9				2	